gender,race_ethnicity,parental_level_of_education,lunch,test_preparation_course,math_score,reading_score,writing_score,attendance_rate,study_hours_per_week,previous_gpa,assignment_completion_rate,academic_risk,overall_score
female,group D,master's degree,standard,none,62,70,75,81.8,9.3,3.03,78.3,MEDIUM,69.0
female,group C,bachelor's degree,free/reduced,completed,66,83,83,87.4,8.8,3.32,98.5,LOW,77.3
female,group D,some college,free/reduced,none,79,89,86,87.2,20.5,4.0,83.4,LOW,84.7
male,group C,master's degree,free/reduced,none,61,67,66,79.2,9.3,3.12,76.8,MEDIUM,64.7
male,group E,high school,standard,none,73,64,57,95.0,8.3,3.88,87.9,MEDIUM,64.7
male,group B,high school,free/reduced,none,30,24,15,65.9,7.3,1.83,42.9,HIGH,23.0
female,group C,bachelor's degree,standard,completed,96,100,100,97.8,24.1,3.56,76.7,LOW,98.7
female,group C,associate's degree,standard,completed,57,77,80,81.4,12.2,3.32,88.7,MEDIUM,71.3
male,group D,high school,standard,completed,68,64,66,87.4,17.9,3.48,95.7,MEDIUM,66.0
female,group C,some high school,free/reduced,none,48,58,52,74.9,10.4,2.8,62.3,HIGH,52.7
male,group B,some high school,standard,none,67,64,61,93.2,8.2,2.87,78.4,MEDIUM,64.0
female,group C,some college,free/reduced,none,59,62,64,92.0,15.4,3.06,52.6,MEDIUM,61.7
male,group E,some high school,standard,completed,74,64,60,70.9,9.1,3.25,72.9,MEDIUM,66.0
female,group C,some high school,standard,none,65,69,76,80.3,16.7,3.23,83.4,MEDIUM,70.0
female,group B,some college,standard,none,62,67,67,83.3,10.9,3.48,79.6,MEDIUM,65.3
male,group C,associate's degree,standard,none,47,37,35,66.7,11.6,2.46,46.4,HIGH,39.7
male,group D,associate's degree,standard,none,80,63,63,78.3,16.2,3.4,89.7,MEDIUM,68.7
male,group C,high school,standard,none,68,60,53,84.4,6.4,3.38,54.6,MEDIUM,60.3
female,group D,some college,standard,completed,79,84,91,95.6,11.3,3.16,72.5,LOW,84.7
male,group D,high school,standard,none,89,87,79,73.1,14.4,3.48,91.0,MEDIUM,85.0
male,group A,some college,standard,none,69,67,69,84.9,9.6,4.0,88.2,MEDIUM,68.3
female,group E,some college,free/reduced,none,53,58,57,87.8,12.8,3.69,78.7,HIGH,56.0
female,group C,some college,standard,completed,64,82,77,70.9,12.0,3.4,82.8,MEDIUM,74.3
male,group C,high school,standard,completed,82,84,82,74.8,18.5,3.63,97.4,MEDIUM,82.7
male,group B,high school,free/reduced,none,36,29,27,69.4,5.8,1.43,70.8,HIGH,30.7
female,group B,master's degree,standard,none,90,95,93,97.6,16.1,3.5,86.8,LOW,92.7
female,group D,master's degree,standard,none,64,63,66,62.7,9.8,4.0,89.1,HIGH,64.3
female,group B,bachelor's degree,standard,none,52,65,69,84.2,7.8,3.47,68.9,MEDIUM,62.0
female,group D,some high school,free/reduced,none,67,84,84,88.9,13.4,2.85,99.2,LOW,78.3
male,group C,associate's degree,standard,completed,51,60,58,72.8,12.0,3.3,77.8,HIGH,56.3
male,group D,some college,standard,none,79,73,67,81.8,15.8,2.46,70.5,MEDIUM,73.0
male,group A,high school,standard,none,63,63,62,73.9,12.5,2.69,53.8,MEDIUM,62.7
female,group D,associate's degree,free/reduced,none,52,59,56,71.8,9.2,3.58,44.6,HIGH,55.7
male,group A,associate's degree,free/reduced,completed,40,55,53,59.6,9.3,2.29,70.0,HIGH,49.3
male,group D,some college,standard,none,40,42,38,65.5,9.9,2.7,52.2,HIGH,40.0
female,group B,some college,standard,none,63,65,61,96.9,6.4,2.69,68.1,MEDIUM,63.0
male,group C,associate's degree,standard,none,46,43,42,77.0,4.4,2.91,43.8,HIGH,43.7
female,group C,some high school,free/reduced,completed,65,76,75,90.9,14.7,2.88,87.3,MEDIUM,72.0
female,group B,some high school,standard,none,62,64,66,84.1,9.8,3.91,98.0,MEDIUM,64.0
male,group B,associate's degree,standard,none,90,78,81,83.6,18.9,3.43,91.4,MEDIUM,83.0
male,group A,associate's degree,free/reduced,none,47,57,44,89.5,7.5,2.61,86.0,HIGH,49.3
male,group C,some college,standard,none,59,41,42,65.5,9.2,2.3,56.5,HIGH,47.3
female,group B,master's degree,free/reduced,completed,77,97,94,86.7,15.2,3.68,93.5,LOW,89.3
female,group C,associate's degree,standard,none,52,55,57,79.4,10.3,2.99,59.9,HIGH,54.7
male,group E,some college,standard,completed,99,87,81,100.0,15.4,3.97,94.3,LOW,89.0
female,group B,some high school,standard,none,70,64,72,83.4,18.0,3.46,59.1,MEDIUM,68.7
male,group C,associate's degree,free/reduced,none,64,66,59,72.6,12.4,3.3,79.3,MEDIUM,63.0
male,group A,bachelor's degree,standard,completed,80,78,81,85.5,12.7,3.97,89.3,LOW,79.7
male,group D,high school,free/reduced,none,42,39,34,66.9,8.9,2.24,59.2,HIGH,38.3
male,group E,associate's degree,standard,completed,97,82,88,89.9,9.8,4.0,85.6,LOW,89.0
male,group A,some college,free/reduced,completed,50,47,54,89.4,8.6,2.18,48.0,HIGH,50.3
female,group B,some high school,standard,completed,65,82,78,69.9,15.5,3.62,76.5,HIGH,75.0
female,group C,master's degree,free/reduced,none,52,65,61,67.5,14.9,3.06,85.7,HIGH,59.3
female,group E,associate's degree,standard,none,59,62,69,93.2,11.2,3.29,70.9,MEDIUM,63.3
male,group B,some high school,standard,none,74,63,57,81.7,15.3,3.2,98.3,MEDIUM,64.7
female,group C,some high school,free/reduced,none,43,53,53,94.1,10.9,3.41,69.9,HIGH,49.7
female,group B,high school,free/reduced,completed,67,78,79,92.1,18.8,3.03,58.9,MEDIUM,74.7
male,group E,bachelor's degree,standard,completed,100,100,100,99.9,14.6,3.93,94.1,LOW,100.0
male,group D,high school,standard,none,72,66,66,84.9,9.0,3.12,73.9,MEDIUM,68.0
female,group B,associate's degree,standard,none,71,83,78,85.2,14.8,3.52,69.2,LOW,77.3
male,group A,some high school,free/reduced,none,55,46,43,69.0,8.2,3.37,58.1,HIGH,48.0
female,group C,some college,standard,none,84,87,91,88.8,16.9,4.0,74.7,LOW,87.3
female,group E,some college,standard,completed,63,72,70,86.0,6.3,2.78,83.4,MEDIUM,68.3
female,group C,bachelor's degree,standard,none,63,75,81,98.6,12.6,2.61,71.4,MEDIUM,73.0
female,group C,some college,free/reduced,completed,42,66,69,78.3,12.0,3.03,51.2,HIGH,59.0
male,group E,associate's degree,free/reduced,completed,78,74,72,91.4,9.9,3.58,82.5,MEDIUM,74.7
male,group E,some college,standard,none,69,60,54,81.6,14.4,2.88,63.6,MEDIUM,61.0
female,group B,associate's degree,standard,none,80,86,83,82.3,16.5,3.19,100.0,MEDIUM,83.0
male,group B,high school,standard,none,79,60,65,96.0,9.7,3.39,71.1,MEDIUM,68.0
male,group C,associate's degree,standard,completed,87,100,95,88.1,14.6,3.47,100.0,LOW,94.0
female,group A,associate's degree,free/reduced,none,65,85,76,86.3,11.6,3.38,78.2,LOW,75.3
female,group D,some high school,standard,none,51,63,61,89.6,11.4,1.93,82.6,HIGH,58.3
male,group D,master's degree,standard,none,85,84,89,93.0,17.0,3.63,81.7,LOW,86.0
male,group A,some high school,standard,completed,47,49,49,66.8,10.2,2.66,72.6,HIGH,48.3
male,group C,master's degree,free/reduced,none,54,59,50,83.6,7.3,2.73,86.2,HIGH,54.3
female,group B,high school,free/reduced,none,38,60,50,81.6,7.8,3.11,62.4,HIGH,49.3
male,group C,some high school,free/reduced,completed,59,69,65,75.4,11.6,3.28,82.5,MEDIUM,64.3
male,group D,high school,free/reduced,none,60,57,51,90.4,8.0,2.42,70.8,HIGH,56.0
male,group B,high school,free/reduced,none,49,45,45,79.1,7.9,2.9,66.9,HIGH,46.3
female,group C,associate's degree,standard,completed,52,59,62,85.1,12.9,2.52,60.0,HIGH,57.7
female,group C,bachelor's degree,free/reduced,none,44,63,62,72.9,9.3,2.83,61.8,HIGH,56.3
female,group E,associate's degree,free/reduced,none,70,84,81,92.9,11.4,2.74,85.2,MEDIUM,78.3
male,group C,associate's degree,standard,none,84,80,80,95.3,19.1,3.81,94.1,LOW,81.3
male,group C,associate's degree,standard,none,76,70,68,83.3,13.9,3.98,93.4,MEDIUM,71.3
male,group C,some college,free/reduced,none,35,28,27,79.6,4.4,2.49,44.7,HIGH,30.0
female,group C,associate's degree,standard,completed,96,96,99,95.2,17.1,4.0,100.0,LOW,97.0
female,group D,some college,standard,none,80,90,89,83.6,15.5,3.82,77.7,MEDIUM,86.3
male,group B,associate's degree,standard,none,81,73,72,77.9,13.4,3.11,77.3,MEDIUM,75.3
male,group D,high school,standard,none,57,50,54,70.2,9.6,2.6,82.0,HIGH,53.7
male,group E,high school,standard,none,94,73,71,85.8,8.6,3.97,88.8,LOW,79.3
male,group B,high school,standard,none,82,82,80,76.3,15.3,3.57,90.1,MEDIUM,81.3
male,group D,high school,standard,none,70,70,70,84.2,11.5,3.48,76.9,MEDIUM,70.0
female,group B,associate's degree,standard,completed,94,87,92,100.0,14.0,4.0,83.8,LOW,91.0
male,group A,bachelor's degree,standard,completed,75,58,62,81.9,10.0,3.47,77.5,MEDIUM,65.0
female,group C,some college,standard,none,52,58,58,78.7,10.8,2.29,52.9,HIGH,56.0
female,group A,high school,free/reduced,completed,77,88,85,84.9,10.9,3.86,81.3,MEDIUM,83.3
male,group D,some college,free/reduced,none,70,63,58,78.3,7.0,3.68,78.9,MEDIUM,63.7
male,group A,some high school,free/reduced,none,65,59,53,89.1,10.2,3.42,76.9,HIGH,59.0
male,group B,some college,free/reduced,none,40,43,39,80.4,10.0,2.19,46.9,HIGH,40.7
female,group C,some college,standard,completed,70,89,88,83.1,17.4,3.31,69.0,MEDIUM,82.3
male,group D,associate's degree,free/reduced,completed,79,82,80,79.1,19.4,3.0,98.7,MEDIUM,80.3
female,group C,some college,standard,completed,67,81,79,89.6,15.3,4.0,83.1,LOW,75.7
male,group C,some college,free/reduced,none,68,68,61,70.1,17.0,3.94,72.5,MEDIUM,65.7
female,group D,master's degree,free/reduced,completed,47,58,67,78.1,9.5,2.84,75.8,HIGH,57.3
female,group A,some college,standard,completed,72,79,82,86.6,12.4,3.42,62.0,LOW,77.7
female,group E,high school,free/reduced,completed,57,75,73,85.9,12.1,2.56,64.8,MEDIUM,68.3
female,group C,bachelor's degree,standard,none,83,93,95,99.4,16.0,4.0,100.0,LOW,90.3
male,group A,some college,standard,completed,61,51,52,81.0,5.4,3.45,61.7,HIGH,54.7
male,group C,associate's degree,standard,completed,98,87,90,95.6,23.7,4.0,91.0,LOW,91.7
female,group D,master's degree,free/reduced,completed,61,71,78,76.4,14.0,3.51,89.2,MEDIUM,70.0
female,group C,bachelor's degree,standard,completed,92,100,99,100.0,9.5,4.0,100.0,LOW,97.0
female,group C,associate's degree,standard,completed,68,67,73,89.4,12.8,3.42,93.1,MEDIUM,69.3
female,group E,some high school,standard,none,77,79,80,84.2,17.2,3.62,96.6,MEDIUM,78.7
male,group C,some college,standard,none,66,59,52,94.7,16.5,2.98,86.0,HIGH,59.0
male,group B,high school,standard,none,47,46,42,71.6,12.5,2.31,60.9,HIGH,45.0
male,group C,some college,free/reduced,none,65,58,49,84.1,18.4,2.65,65.9,HIGH,57.3
male,group A,some high school,free/reduced,none,68,72,64,78.1,15.1,2.45,85.2,MEDIUM,68.0
female,group C,some college,standard,completed,63,78,80,92.6,14.7,3.62,84.8,MEDIUM,73.7
female,group D,high school,free/reduced,none,73,92,84,84.7,15.6,3.28,73.7,MEDIUM,83.0
female,group C,high school,free/reduced,none,42,62,60,86.8,8.0,3.22,86.7,HIGH,54.7
female,group E,master's degree,standard,none,62,68,68,67.2,14.5,2.97,73.8,HIGH,66.0
female,group D,bachelor's degree,standard,completed,68,75,81,90.3,18.0,3.33,80.0,MEDIUM,74.7
female,group C,associate's degree,standard,completed,67,84,81,93.0,13.1,3.28,84.7,LOW,77.3
male,group D,some college,free/reduced,none,49,57,46,78.2,9.8,2.59,52.4,HIGH,50.7
female,group C,some college,free/reduced,none,35,44,43,72.3,8.0,2.42,50.1,HIGH,40.7
male,group A,high school,standard,none,68,70,66,79.1,14.3,4.0,80.6,MEDIUM,68.0
female,group B,high school,standard,completed,69,76,74,87.5,14.3,3.52,69.9,MEDIUM,73.0
male,group C,high school,standard,none,70,74,71,73.7,15.5,3.64,74.3,MEDIUM,71.7
female,group E,some high school,standard,completed,80,85,85,88.4,14.1,4.0,72.7,LOW,83.3
female,group C,some college,standard,completed,75,81,84,91.8,15.4,3.74,98.9,LOW,80.0
female,group D,some college,standard,none,63,64,67,71.4,15.0,3.53,67.2,MEDIUM,64.7
male,group B,bachelor's degree,standard,none,66,60,57,90.1,13.6,3.74,78.0,MEDIUM,61.0
female,group B,some high school,free/reduced,completed,74,90,88,78.6,16.8,3.18,69.8,MEDIUM,84.0
female,group C,some high school,standard,completed,44,51,55,86.3,12.1,2.56,61.2,HIGH,50.0
female,group B,bachelor's degree,standard,none,72,72,74,89.4,17.1,3.05,60.9,MEDIUM,72.7
female,group D,master's degree,standard,completed,77,82,91,94.6,11.3,3.92,85.3,LOW,83.3
male,group D,high school,standard,none,46,34,36,63.3,9.8,2.52,56.0,HIGH,38.7
male,group C,high school,standard,completed,72,67,64,82.1,13.1,2.97,91.9,MEDIUM,67.7
male,group B,associate's degree,standard,completed,82,84,78,77.4,13.3,2.7,73.8,MEDIUM,81.3
male,group E,associate's degree,standard,completed,62,61,58,80.6,12.0,3.23,72.1,MEDIUM,60.3
male,group D,associate's degree,standard,none,80,68,72,88.2,14.3,3.91,59.3,MEDIUM,73.3
female,group C,high school,standard,none,54,59,62,76.8,13.7,3.63,76.4,HIGH,58.3
female,group D,some college,standard,none,79,86,81,88.1,14.6,3.42,71.9,LOW,82.0
female,group B,high school,standard,none,87,95,86,100.0,12.0,3.95,96.5,LOW,89.3
female,group C,some high school,standard,completed,65,74,77,94.6,11.7,3.27,99.3,MEDIUM,72.0
female,group C,associate's degree,free/reduced,completed,82,93,93,100.0,17.0,4.0,83.1,LOW,89.3
female,group B,associate's degree,standard,none,40,48,50,85.4,6.3,3.4,68.8,HIGH,46.0
female,group D,bachelor's degree,free/reduced,completed,93,100,100,100.0,17.8,4.0,84.3,LOW,97.7
female,group C,bachelor's degree,standard,none,65,72,74,85.4,12.3,3.39,60.5,MEDIUM,70.3
male,group D,some high school,standard,completed,77,68,69,80.5,13.0,3.13,71.5,MEDIUM,71.3
female,group C,some college,free/reduced,none,46,64,66,73.7,15.0,2.82,77.5,HIGH,58.7
male,group B,some college,standard,completed,88,85,76,81.2,18.1,3.14,76.5,MEDIUM,83.0
female,group E,some high school,free/reduced,none,32,34,38,77.3,6.1,3.94,69.1,HIGH,34.7
female,group C,associate's degree,standard,none,39,64,57,73.5,11.0,3.2,76.3,HIGH,53.3
male,group D,some high school,standard,none,86,73,70,82.8,20.9,3.8,57.1,MEDIUM,76.3
male,group C,some high school,free/reduced,completed,53,37,40,75.7,9.8,2.59,63.5,HIGH,43.3
male,group A,some college,free/reduced,completed,81,78,81,81.4,12.0,3.92,87.4,MEDIUM,80.0
male,group B,some college,free/reduced,none,41,39,34,78.5,4.6,1.84,43.1,HIGH,38.0
male,group C,some college,standard,none,61,61,62,90.7,8.4,2.6,73.7,MEDIUM,61.3
male,group D,some college,standard,none,88,73,78,90.0,13.4,3.4,88.1,LOW,79.7
female,group A,some high school,standard,completed,59,85,80,93.9,10.7,3.35,85.2,MEDIUM,74.7
female,group D,some high school,standard,none,81,97,96,94.7,16.3,3.93,100.0,LOW,91.3
male,group C,bachelor's degree,standard,none,58,55,48,91.2,12.9,2.61,73.9,HIGH,53.7
female,group C,some college,free/reduced,completed,64,85,85,86.8,14.6,3.08,78.1,LOW,78.0
female,group E,master's degree,standard,none,81,92,91,98.5,18.3,4.0,76.9,LOW,88.0
male,group C,high school,standard,none,70,70,65,79.1,14.1,3.29,72.5,MEDIUM,68.3
female,group C,bachelor's degree,free/reduced,none,62,78,79,93.3,13.5,2.71,72.6,MEDIUM,73.0
male,group D,some college,standard,completed,77,62,62,73.5,13.0,2.63,70.7,MEDIUM,67.0
female,group D,high school,standard,none,62,64,64,89.8,11.6,3.44,83.4,MEDIUM,63.3
female,group E,some college,standard,none,87,85,93,85.8,11.7,3.27,100.0,LOW,88.3
female,group C,some college,free/reduced,completed,67,75,70,78.7,15.2,3.45,74.7,MEDIUM,70.7
male,group A,bachelor's degree,free/reduced,none,62,72,65,88.1,11.2,3.58,79.6,MEDIUM,66.3
female,group D,some high school,standard,none,76,72,71,87.4,12.1,3.39,88.6,MEDIUM,73.0
female,group C,associate's degree,standard,none,63,67,70,86.1,11.8,3.23,84.4,MEDIUM,66.7
female,group B,some college,standard,completed,88,95,92,100.0,18.4,3.79,95.3,LOW,91.7
male,group D,associate's degree,standard,none,72,79,74,80.4,14.0,3.26,79.4,MEDIUM,75.0
female,group D,master's degree,standard,none,55,64,70,100.0,8.8,2.54,86.2,MEDIUM,63.0
male,group C,some high school,free/reduced,none,61,57,56,92.8,6.9,3.03,88.2,HIGH,58.0
male,group D,bachelor's degree,free/reduced,none,50,42,48,73.9,14.2,2.45,51.5,HIGH,46.7
male,group E,some high school,standard,completed,87,84,76,90.4,17.0,3.43,86.3,LOW,82.3
male,group B,some college,standard,none,54,52,51,73.0,11.6,2.65,70.6,HIGH,52.3
female,group C,some college,free/reduced,none,22,39,33,77.2,6.7,2.88,61.9,HIGH,31.3
male,group D,high school,free/reduced,none,66,74,69,86.6,12.0,3.08,80.9,MEDIUM,69.7
male,group C,bachelor's degree,standard,completed,83,82,84,100.0,12.0,3.09,72.8,LOW,83.0
female,group D,high school,standard,completed,56,68,74,100.0,8.3,3.01,65.8,MEDIUM,66.0
female,group B,associate's degree,free/reduced,none,54,65,65,75.9,11.9,3.01,57.6,MEDIUM,61.3
female,group D,master's degree,standard,none,74,79,82,94.8,16.1,3.69,94.9,LOW,78.3
male,group E,some college,free/reduced,completed,87,74,70,78.5,18.4,3.69,65.0,MEDIUM,77.0
male,group E,high school,free/reduced,completed,86,81,75,89.9,16.5,4.0,67.5,LOW,80.7
male,group B,some college,standard,none,66,65,60,87.3,9.3,2.9,57.3,MEDIUM,63.7
male,group C,associate's degree,free/reduced,completed,65,67,65,88.7,14.7,3.76,89.4,MEDIUM,65.7
female,group C,associate's degree,standard,none,58,73,68,84.6,10.6,2.99,78.1,MEDIUM,66.3
female,group C,associate's degree,standard,completed,75,82,90,91.4,11.3,3.99,79.6,LOW,82.3
female,group B,associate's degree,free/reduced,none,52,76,70,85.2,10.0,3.02,80.8,MEDIUM,66.0
female,group C,some college,standard,none,54,64,65,88.0,8.7,2.7,85.9,MEDIUM,61.0
female,group E,associate's degree,standard,completed,82,85,86,82.8,14.6,3.42,80.8,MEDIUM,84.3
female,group C,some high school,standard,none,63,73,68,88.8,9.9,3.74,52.1,MEDIUM,68.0
female,group A,some high school,free/reduced,none,59,73,69,66.9,12.6,2.66,78.3,HIGH,67.0
male,group E,bachelor's degree,free/reduced,completed,70,68,72,86.0,15.4,2.95,98.9,MEDIUM,70.0
female,group C,high school,free/reduced,completed,59,71,65,87.9,9.1,2.63,72.5,MEDIUM,65.0
male,group D,bachelor's degree,free/reduced,completed,74,71,80,81.9,18.4,2.17,62.6,MEDIUM,75.0
male,group A,high school,free/reduced,completed,72,67,65,89.9,13.4,3.22,78.7,MEDIUM,68.0
male,group A,associate's degree,standard,completed,97,92,86,87.5,7.1,3.81,88.8,LOW,91.7
female,group C,some high school,standard,none,47,54,53,64.7,4.4,2.41,86.8,HIGH,51.3
male,group D,master's degree,standard,none,95,81,84,94.2,13.7,3.85,99.6,LOW,86.7
female,group C,some high school,standard,none,49,63,56,84.3,10.8,3.03,79.5,HIGH,56.0
male,group E,associate's degree,free/reduced,none,64,56,52,75.6,3.0,2.89,81.1,HIGH,57.3
female,group B,some high school,free/reduced,none,24,38,27,73.7,5.3,2.24,61.3,HIGH,29.7
male,group E,associate's degree,free/reduced,completed,77,69,68,81.9,13.9,2.94,72.1,MEDIUM,71.3
male,group B,bachelor's degree,free/reduced,none,55,59,54,72.7,13.3,3.4,70.2,HIGH,56.0
female,group D,some college,standard,none,74,89,84,92.8,18.9,3.59,77.3,LOW,82.3
male,group D,high school,free/reduced,none,69,70,67,92.6,6.4,2.93,96.3,MEDIUM,68.7
female,group B,master's degree,standard,none,77,90,84,78.6,14.3,3.33,82.7,MEDIUM,83.7
male,group D,high school,standard,none,76,73,68,83.3,13.4,3.58,86.4,MEDIUM,72.3
male,group D,bachelor's degree,free/reduced,completed,61,70,76,91.3,10.2,3.37,76.7,MEDIUM,69.0
male,group C,some college,standard,completed,93,84,90,92.8,18.7,3.4,74.6,LOW,89.0
male,group B,high school,standard,none,62,55,54,75.8,7.8,2.79,73.1,HIGH,57.0
male,group A,bachelor's degree,standard,none,64,60,58,73.2,14.0,3.64,83.7,MEDIUM,60.7
female,group D,some high school,standard,completed,66,78,78,86.7,10.0,3.26,93.5,MEDIUM,74.0
male,group C,high school,standard,completed,86,81,80,81.3,16.1,3.46,77.2,MEDIUM,82.3
male,group C,master's degree,free/reduced,completed,46,42,46,68.4,7.7,2.87,60.1,HIGH,44.7
female,group B,associate's degree,free/reduced,completed,76,94,87,98.8,14.6,2.8,85.5,LOW,85.7
male,group A,high school,standard,none,59,52,46,79.9,8.7,2.5,68.1,HIGH,52.3
male,group B,high school,free/reduced,none,63,48,47,63.5,5.2,3.16,71.2,HIGH,52.7
female,group A,some high school,free/reduced,none,47,59,50,83.9,8.1,2.73,67.6,HIGH,52.0
male,group C,bachelor's degree,free/reduced,none,61,66,61,82.0,8.6,2.38,76.2,MEDIUM,62.7
male,group E,associate's degree,standard,none,72,64,63,79.1,18.2,2.24,65.3,MEDIUM,66.3
male,group A,some high school,free/reduced,none,39,39,34,71.6,0.0,2.38,57.2,HIGH,37.3
male,group E,some college,standard,none,86,76,74,77.2,20.0,3.05,82.0,MEDIUM,78.7
female,group D,associate's degree,free/reduced,none,47,53,58,87.7,6.6,2.55,77.8,HIGH,52.7
male,group B,associate's degree,standard,completed,81,82,82,73.0,10.3,3.73,100.0,MEDIUM,81.7
female,group B,high school,standard,none,58,62,59,85.0,10.9,2.58,61.3,HIGH,59.7
female,group C,some college,standard,none,59,71,70,83.2,10.3,3.65,70.7,MEDIUM,66.7
female,group D,bachelor's degree,standard,none,79,89,89,89.1,17.1,3.41,98.0,LOW,85.7
female,group C,some high school,free/reduced,none,65,86,80,87.5,14.1,3.69,83.1,LOW,77.0
female,group B,high school,standard,none,65,81,73,87.5,19.2,3.02,67.3,MEDIUM,73.0
female,group E,high school,standard,none,50,50,47,68.6,12.1,2.65,55.9,HIGH,49.0
female,group A,some high school,free/reduced,none,44,64,58,80.1,9.0,2.44,74.4,HIGH,55.3
female,group E,bachelor's degree,standard,completed,71,70,70,80.4,17.4,2.41,80.4,MEDIUM,70.3
female,group C,high school,standard,none,60,68,72,84.4,21.6,3.43,84.0,MEDIUM,66.7
male,group D,some high school,standard,none,86,80,75,75.2,15.3,3.44,91.1,MEDIUM,80.3
female,group C,some college,standard,none,53,62,56,82.6,11.4,2.81,74.6,HIGH,57.0
female,group D,bachelor's degree,standard,none,89,100,100,94.7,18.2,3.14,89.0,LOW,96.3
female,group A,associate's degree,standard,completed,65,70,74,75.5,11.4,3.65,70.1,MEDIUM,69.7
male,group E,some high school,free/reduced,completed,78,83,80,81.7,15.5,3.68,87.3,MEDIUM,80.3
female,group D,bachelor's degree,free/reduced,none,63,73,78,90.0,9.7,3.26,98.4,MEDIUM,71.3
female,group C,high school,standard,none,75,88,85,85.5,17.5,3.69,92.9,LOW,82.7
female,group B,high school,free/reduced,completed,46,54,58,78.5,4.8,2.17,54.3,HIGH,52.7
female,group C,some high school,free/reduced,completed,50,60,60,80.7,10.4,2.37,58.6,HIGH,56.7
female,group C,associate's degree,standard,completed,65,84,84,84.2,10.9,3.23,90.9,MEDIUM,77.7
female,group C,associate's degree,standard,none,65,76,76,87.3,14.9,3.06,66.8,MEDIUM,72.3
male,group E,associate's degree,free/reduced,none,90,90,82,84.7,17.4,3.45,73.3,MEDIUM,87.3
male,group C,associate's degree,standard,completed,57,54,56,94.1,10.8,2.63,69.9,HIGH,55.7
male,group C,high school,standard,none,52,53,49,71.4,4.8,3.24,61.3,HIGH,51.3
female,group B,high school,standard,none,65,64,62,96.4,12.3,3.02,77.3,MEDIUM,63.7
male,group D,some high school,standard,none,84,84,80,80.8,13.4,4.0,89.7,MEDIUM,82.7
female,group C,associate's degree,standard,completed,62,76,80,100.0,13.7,3.12,85.3,MEDIUM,72.7
male,group D,associate's degree,standard,completed,81,72,77,95.6,15.1,3.67,85.6,LOW,76.7
male,group E,associate's degree,free/reduced,none,46,43,41,69.0,7.9,3.16,53.6,HIGH,43.3
male,group D,associate's degree,standard,none,71,66,60,70.7,13.2,2.69,96.0,MEDIUM,65.7
male,group C,some high school,standard,none,49,49,41,55.3,11.9,2.41,58.2,HIGH,46.3
female,group D,some college,standard,none,51,58,54,98.7,11.6,2.46,57.8,HIGH,54.3
female,group D,high school,standard,none,69,77,73,82.0,13.0,3.81,83.5,MEDIUM,73.0
female,group D,some high school,free/reduced,none,48,54,53,88.7,10.6,2.55,87.3,HIGH,51.7
male,group E,some high school,free/reduced,completed,73,67,59,76.0,13.3,2.42,60.7,MEDIUM,66.3
male,group C,some college,standard,completed,98,86,90,90.7,19.0,3.31,82.9,LOW,91.3
female,group E,bachelor's degree,standard,completed,99,100,100,93.3,17.4,4.0,98.7,LOW,99.7
male,group C,associate's degree,standard,none,74,73,67,85.9,13.5,3.42,81.3,MEDIUM,71.3
male,group E,some college,standard,none,68,60,59,67.4,14.6,3.25,62.5,HIGH,62.3
male,group D,associate's degree,free/reduced,none,53,54,48,69.8,10.9,2.89,64.7,HIGH,51.7
male,group D,associate's degree,standard,completed,87,84,85,94.0,14.0,3.17,100.0,LOW,85.3
male,group C,high school,standard,none,71,79,71,80.2,15.2,3.59,79.6,MEDIUM,73.7
male,group C,some college,free/reduced,completed,67,74,70,80.2,8.9,3.61,85.4,MEDIUM,70.3
female,group D,some high school,standard,none,73,86,82,92.2,13.5,4.0,85.6,LOW,80.3
male,group D,some high school,standard,completed,76,70,69,78.5,10.9,3.49,65.8,MEDIUM,71.7
female,group A,some high school,free/reduced,none,44,45,45,73.9,6.8,2.16,83.8,HIGH,44.7
female,group C,high school,free/reduced,none,35,53,46,67.4,10.9,2.91,66.8,HIGH,44.7
male,group C,bachelor's degree,free/reduced,completed,70,75,74,68.0,12.6,3.71,87.8,HIGH,73.0
male,group C,some high school,standard,none,75,72,62,99.4,9.6,3.17,70.4,MEDIUM,69.7
female,group E,high school,standard,none,74,76,73,88.7,15.9,3.38,66.1,MEDIUM,74.3
female,group C,some college,standard,none,58,59,66,80.9,6.5,2.57,74.7,MEDIUM,61.0
female,group B,some college,standard,none,79,86,92,86.8,17.0,4.0,78.5,LOW,85.7
male,group D,associate's degree,standard,none,40,52,43,72.0,9.3,2.32,78.0,HIGH,45.0
female,group B,high school,free/reduced,none,50,67,63,67.3,7.0,2.63,78.1,HIGH,60.0
female,group E,associate's degree,standard,completed,79,88,94,80.8,14.6,3.31,75.5,MEDIUM,87.0
male,group B,some college,free/reduced,completed,59,65,66,79.8,11.4,3.14,77.1,MEDIUM,63.3
female,group B,associate's degree,standard,none,53,58,65,79.6,14.0,2.76,66.4,HIGH,58.7
female,group B,some high school,standard,none,41,55,51,82.2,11.1,3.06,75.3,HIGH,49.0
female,group B,master's degree,free/reduced,completed,58,76,78,99.9,14.3,2.76,80.4,MEDIUM,70.7
female,group D,some college,free/reduced,completed,59,78,76,83.3,16.3,3.16,78.6,MEDIUM,71.0
male,group D,some college,standard,none,81,82,84,84.7,12.7,3.18,94.8,MEDIUM,82.3
male,group A,some high school,standard,none,53,54,48,70.3,15.9,2.88,78.5,HIGH,51.7
male,group D,some college,standard,none,55,58,52,83.2,9.8,2.95,71.3,HIGH,55.0
male,group B,some college,standard,none,79,67,67,73.5,15.6,3.43,72.0,MEDIUM,71.0
male,group C,bachelor's degree,standard,none,86,83,86,82.0,20.9,3.85,89.3,MEDIUM,85.0
female,group B,master's degree,free/reduced,completed,52,70,62,79.3,8.2,3.84,83.5,MEDIUM,61.3
male,group A,some high school,free/reduced,none,79,82,73,76.9,14.9,3.25,89.9,MEDIUM,78.0
male,group C,bachelor's degree,standard,completed,71,74,68,97.3,12.8,3.5,87.5,MEDIUM,71.0
male,group B,high school,standard,none,59,58,47,77.7,6.9,2.61,56.2,HIGH,54.7
female,group B,high school,free/reduced,none,64,73,71,80.4,8.7,2.99,59.7,MEDIUM,69.3
female,group D,high school,standard,none,67,72,74,90.6,13.9,3.55,67.9,MEDIUM,71.0
female,group C,associate's degree,standard,completed,71,77,77,97.9,13.0,3.45,76.2,LOW,75.0
male,group A,high school,free/reduced,none,48,45,41,71.9,9.3,2.04,50.7,HIGH,44.7
female,group A,some college,standard,none,69,84,82,89.2,20.4,3.6,85.3,LOW,78.3
male,group E,some high school,standard,completed,89,84,77,79.0,16.5,3.21,83.4,MEDIUM,83.3
female,group A,some college,standard,none,56,58,64,85.9,10.7,2.65,65.3,HIGH,59.3
male,group B,some college,standard,completed,62,66,68,73.1,8.3,3.27,82.0,MEDIUM,65.3
female,group E,some high school,free/reduced,none,38,49,45,71.2,6.8,2.58,74.5,HIGH,44.0
male,group C,some college,standard,none,84,87,81,92.1,8.2,3.97,85.3,LOW,84.0
male,group E,some college,standard,none,68,72,65,73.1,14.3,3.84,80.9,MEDIUM,68.3
male,group C,associate's degree,standard,completed,78,77,77,81.4,14.9,3.27,75.4,MEDIUM,77.3
male,group E,bachelor's degree,standard,completed,85,66,71,94.0,9.6,2.85,80.2,MEDIUM,74.0
female,group B,some college,free/reduced,none,61,68,66,81.6,10.7,3.36,62.3,MEDIUM,65.0
female,group C,some high school,standard,none,69,75,78,81.4,13.7,3.27,91.1,MEDIUM,74.0
female,group C,high school,free/reduced,none,41,46,43,67.1,8.7,2.58,74.9,HIGH,43.3
female,group D,some college,free/reduced,completed,52,59,65,73.7,15.6,2.51,75.0,HIGH,58.7
female,group C,some high school,free/reduced,none,55,65,62,86.7,13.0,3.31,87.1,MEDIUM,60.7
female,group D,some high school,standard,completed,97,100,100,100.0,13.5,3.98,99.6,LOW,99.0
female,group A,some college,standard,completed,78,87,91,89.5,17.4,3.75,75.7,LOW,85.3
male,group D,some college,standard,none,44,54,53,78.2,9.5,3.3,63.6,HIGH,50.3
male,group A,associate's degree,standard,none,63,61,61,81.4,9.6,2.89,74.7,MEDIUM,61.7
female,group C,some college,free/reduced,completed,63,73,71,82.1,9.4,3.56,85.3,MEDIUM,69.0
female,group E,master's degree,free/reduced,none,81,86,87,77.5,17.1,3.81,78.7,MEDIUM,84.7
male,group C,high school,free/reduced,none,58,61,52,73.4,11.0,3.2,78.4,HIGH,57.0
female,group C,high school,standard,none,61,72,70,67.4,14.6,2.78,90.7,HIGH,67.7
male,group B,bachelor's degree,free/reduced,completed,87,90,88,89.7,14.6,2.96,72.9,LOW,88.3
female,group B,high school,standard,completed,77,82,89,82.8,15.3,3.46,71.2,MEDIUM,82.7
female,group B,associate's degree,standard,none,57,69,68,91.1,13.3,2.6,88.4,MEDIUM,64.7
male,group D,some college,standard,none,67,64,70,69.9,13.5,3.29,82.8,HIGH,67.0
male,group C,associate's degree,free/reduced,completed,43,45,50,73.5,9.1,2.19,69.5,HIGH,46.0
female,group B,associate's degree,free/reduced,none,53,70,70,85.7,16.1,3.24,74.3,MEDIUM,64.3
male,group B,associate's degree,free/reduced,none,61,58,56,83.3,9.3,3.53,74.3,HIGH,58.3
male,group C,high school,free/reduced,completed,58,51,52,93.8,12.8,2.88,49.7,HIGH,53.7
female,group B,some high school,standard,none,37,46,46,92.1,6.1,2.39,48.0,HIGH,43.0
female,group D,some high school,free/reduced,completed,40,65,64,81.0,10.9,3.0,87.1,HIGH,56.3
male,group C,some high school,standard,none,73,66,66,95.9,11.7,3.3,100.0,MEDIUM,68.3
male,group D,bachelor's degree,standard,none,54,49,47,79.4,5.5,2.84,63.8,HIGH,50.0
male,group B,associate's degree,free/reduced,none,44,41,38,80.9,6.7,2.4,80.7,HIGH,41.0
female,group B,associate's degree,free/reduced,completed,68,77,80,87.8,12.6,3.87,89.8,LOW,75.0
male,group D,some college,free/reduced,none,69,66,60,85.7,10.2,3.24,74.6,MEDIUM,65.0
male,group B,some high school,free/reduced,none,48,52,45,70.1,10.9,2.54,75.5,HIGH,48.3
male,group C,some college,standard,none,58,49,42,65.9,11.3,2.55,58.6,HIGH,49.7
male,group D,bachelor's degree,free/reduced,none,63,66,67,66.7,16.8,3.14,86.0,HIGH,65.3
female,group C,associate's degree,free/reduced,none,60,75,74,75.7,7.2,3.22,85.0,MEDIUM,69.7
female,group D,bachelor's degree,standard,none,78,82,79,78.5,13.8,3.09,76.3,MEDIUM,79.7
male,group A,some high school,free/reduced,completed,61,62,61,80.7,10.2,2.96,49.8,MEDIUM,61.3
male,group D,some high school,free/reduced,none,62,49,52,77.1,8.0,3.08,87.0,HIGH,54.3
male,group C,high school,standard,none,62,67,58,93.4,12.7,3.74,86.0,MEDIUM,62.3
male,group A,some high school,standard,none,71,62,50,77.5,2.4,2.84,79.6,MEDIUM,61.0
male,group B,some high school,standard,none,72,68,67,76.2,13.3,2.75,58.9,MEDIUM,69.0
female,group B,bachelor's degree,free/reduced,none,75,85,82,88.0,21.3,3.43,82.4,LOW,80.7
female,group D,some high school,standard,none,59,67,61,92.8,11.4,2.51,63.7,MEDIUM,62.3
female,group D,associate's degree,standard,none,77,77,73,91.4,9.3,3.34,92.2,LOW,75.7
male,group D,associate's degree,standard,none,52,55,49,75.7,13.3,3.15,70.6,HIGH,52.0
female,group C,some college,standard,completed,71,71,80,100.0,7.9,3.62,78.5,MEDIUM,74.0
female,group C,bachelor's degree,standard,completed,52,61,66,82.9,12.9,2.7,82.9,HIGH,59.7
female,group D,some high school,standard,none,73,84,85,82.0,11.4,4.0,85.7,MEDIUM,80.7
female,group D,associate's degree,standard,completed,88,92,95,88.6,13.5,3.59,92.7,LOW,91.7
female,group A,associate's degree,standard,completed,55,65,62,77.5,13.1,3.02,85.0,MEDIUM,60.7
male,group E,associate's degree,standard,none,87,74,76,85.9,13.2,3.32,82.1,LOW,79.0
male,group D,associate's degree,standard,none,61,55,52,82.7,11.7,2.64,52.0,HIGH,56.0
female,group D,some college,free/reduced,none,77,86,86,93.6,12.2,3.51,89.3,LOW,83.0
male,group B,some college,standard,none,58,50,45,77.6,7.8,2.68,58.3,HIGH,51.0
male,group C,associate's degree,standard,none,92,79,84,91.8,11.6,3.49,82.2,LOW,85.0
female,group E,high school,standard,none,99,93,90,84.7,13.3,3.42,100.0,MEDIUM,94.0
female,group B,associate's degree,standard,none,73,83,76,86.4,9.7,3.71,98.4,LOW,77.3
female,group B,some college,standard,completed,50,64,66,74.8,10.0,2.21,73.7,MEDIUM,60.0
female,group C,associate's degree,standard,completed,74,75,83,86.9,15.2,4.0,93.5,LOW,77.3
female,group C,high school,standard,none,61,73,63,84.9,11.9,3.31,73.7,MEDIUM,65.7
male,group A,some high school,standard,completed,66,68,64,77.7,11.3,3.29,79.4,MEDIUM,66.0
male,group E,associate's degree,free/reduced,completed,100,100,93,96.6,14.1,3.28,84.8,LOW,97.7
male,group E,some college,standard,none,83,80,73,92.2,18.7,3.48,81.9,LOW,78.7
female,group E,some high school,free/reduced,none,72,79,77,93.3,12.5,3.09,85.0,LOW,76.0
male,group E,some college,standard,none,53,55,48,80.8,7.9,3.13,54.9,HIGH,52.0
female,group C,associate's degree,standard,none,46,58,57,77.5,12.3,2.3,70.3,HIGH,53.7
female,group D,high school,free/reduced,completed,65,61,71,86.0,11.0,3.23,80.7,MEDIUM,65.7
female,group E,some college,free/reduced,completed,42,55,54,64.8,9.1,2.83,66.7,HIGH,50.3
female,group C,associate's degree,standard,completed,83,85,90,87.9,18.5,4.0,86.4,LOW,86.0
male,group D,some high school,standard,none,60,59,54,90.1,8.7,2.97,67.7,HIGH,57.7
male,group D,some college,standard,completed,100,97,99,90.4,20.0,3.62,84.8,LOW,98.7
female,group C,high school,free/reduced,completed,67,79,84,87.6,13.7,3.59,84.1,LOW,76.7
female,group C,associate's degree,free/reduced,none,54,58,61,68.9,11.9,2.45,77.2,HIGH,57.7
male,group B,bachelor's degree,standard,none,59,54,51,72.0,12.9,2.65,78.2,HIGH,54.7
female,group B,high school,standard,none,48,62,60,83.3,4.9,3.15,77.0,HIGH,56.7
male,group C,high school,standard,none,90,75,69,97.3,9.0,3.82,89.4,LOW,78.0
female,group B,associate's degree,standard,none,82,80,77,86.7,18.5,3.82,85.1,LOW,79.7
female,group D,high school,standard,none,51,66,62,77.8,9.4,3.36,64.7,HIGH,59.7
female,group C,high school,free/reduced,none,35,61,54,71.2,9.8,3.03,53.8,HIGH,50.0
female,group D,associate's degree,free/reduced,completed,75,90,88,78.9,15.3,3.6,76.8,MEDIUM,84.3
female,group C,master's degree,standard,completed,81,91,87,96.8,14.1,4.0,80.0,LOW,86.3
male,group C,associate's degree,standard,none,85,76,71,84.4,9.9,3.48,90.3,MEDIUM,77.3
female,group D,some high school,free/reduced,completed,69,86,81,84.2,13.5,3.85,95.1,MEDIUM,78.7
female,group B,bachelor's degree,free/reduced,none,77,85,87,100.0,12.9,3.08,91.6,LOW,83.0
male,group C,associate's degree,free/reduced,none,58,55,53,71.8,11.8,2.85,63.5,HIGH,55.3
male,group B,high school,standard,completed,52,49,46,72.7,10.2,3.2,59.7,HIGH,49.0
male,group D,some high school,standard,none,62,67,61,84.5,16.4,2.58,64.4,MEDIUM,63.3
female,group B,some high school,standard,none,67,89,82,92.5,15.4,3.38,81.5,LOW,79.3
female,group E,some college,standard,none,76,78,80,94.3,11.8,3.2,100.0,LOW,78.0
male,group D,bachelor's degree,free/reduced,none,68,68,67,80.9,10.6,3.1,86.3,MEDIUM,67.7
female,group C,associate's degree,standard,completed,59,73,72,84.0,15.7,3.42,79.1,MEDIUM,68.0
female,group B,some high school,free/reduced,none,18,32,28,71.6,4.4,1.35,26.0,HIGH,26.0
male,group D,some college,standard,completed,65,77,74,80.7,10.5,3.75,92.8,MEDIUM,72.0
female,group C,some college,standard,none,71,81,80,80.5,13.4,3.62,67.0,MEDIUM,77.3
female,group E,some college,standard,none,62,73,70,80.0,8.6,3.35,79.1,MEDIUM,68.3
male,group D,some high school,standard,none,69,66,61,82.7,15.8,3.49,55.1,MEDIUM,65.3
male,group D,some college,standard,none,72,57,58,81.1,13.0,3.55,68.2,MEDIUM,62.3
female,group E,associate's degree,standard,none,66,65,69,79.8,12.3,2.53,72.6,MEDIUM,66.7
male,group C,high school,standard,none,84,77,74,89.8,14.8,3.25,85.6,LOW,78.3
female,group E,bachelor's degree,standard,none,37,45,38,74.9,8.9,2.21,52.1,HIGH,40.0
female,group C,associate's degree,standard,none,85,84,82,83.1,14.9,3.35,78.2,MEDIUM,83.7
male,group C,master's degree,free/reduced,completed,62,68,75,88.9,12.8,3.13,87.4,MEDIUM,68.3
male,group D,some high school,free/reduced,none,56,54,52,74.4,13.1,2.45,60.3,HIGH,54.0
male,group B,some college,standard,completed,69,77,77,91.6,17.1,3.61,80.7,MEDIUM,74.3
female,group D,some college,standard,none,98,100,99,90.3,10.3,4.0,97.3,LOW,99.0
male,group C,high school,standard,none,50,48,42,82.3,10.8,3.26,47.8,HIGH,46.7
female,group E,master's degree,standard,completed,94,99,100,99.9,20.2,4.0,85.2,LOW,97.7
female,group C,associate's degree,standard,none,91,95,94,98.7,17.2,3.91,80.8,LOW,93.3
female,group E,some college,standard,completed,66,74,73,77.0,14.5,2.39,83.3,MEDIUM,71.0
female,group C,some high school,standard,none,74,75,82,86.9,16.4,2.76,84.8,MEDIUM,77.0
male,group B,associate's degree,standard,none,65,54,57,74.8,13.5,3.42,51.8,HIGH,58.7
male,group E,bachelor's degree,standard,completed,70,64,70,100.0,12.6,3.7,70.0,MEDIUM,68.0
male,group B,some college,free/reduced,none,60,60,60,84.8,17.8,2.87,74.1,MEDIUM,60.0
female,group A,high school,standard,none,61,68,63,78.0,16.9,3.43,80.1,MEDIUM,64.0
male,group E,some high school,standard,none,94,88,78,83.8,15.8,3.64,93.7,MEDIUM,86.7
male,group C,high school,standard,none,88,89,86,82.6,13.2,3.59,73.0,MEDIUM,87.7
male,group A,some high school,standard,none,64,50,43,77.9,9.3,3.03,60.0,HIGH,52.3
female,group D,associate's degree,free/reduced,completed,57,74,76,86.9,16.8,3.09,82.2,MEDIUM,69.0
male,group C,some high school,standard,completed,78,72,69,80.1,4.1,3.3,69.1,MEDIUM,73.0
male,group C,master's degree,free/reduced,completed,72,66,72,74.3,13.4,3.65,82.3,MEDIUM,70.0
female,group C,some high school,standard,completed,76,87,85,95.0,14.0,3.7,90.2,LOW,82.7
female,group E,some high school,free/reduced,none,74,74,72,75.7,10.3,3.52,100.0,MEDIUM,73.3
male,group B,high school,standard,completed,73,71,68,83.7,14.8,3.02,75.8,MEDIUM,70.7
female,group D,some college,free/reduced,completed,70,78,78,76.5,16.2,2.99,90.2,MEDIUM,75.3
female,group C,high school,standard,none,76,76,74,83.5,15.4,3.15,79.6,MEDIUM,75.3
male,group C,some high school,standard,none,57,61,54,81.9,10.0,2.67,74.0,HIGH,57.3
female,group E,master's degree,free/reduced,none,45,56,54,86.8,9.4,3.32,58.5,HIGH,51.7
male,group B,some college,standard,none,69,54,55,71.6,11.0,3.7,74.5,HIGH,59.3
female,group C,some college,standard,none,62,69,69,82.7,10.2,2.79,70.9,MEDIUM,66.7
male,group D,associate's degree,free/reduced,none,75,66,73,73.9,17.5,3.61,66.5,MEDIUM,71.3
female,group D,some college,standard,completed,75,77,83,90.2,17.5,3.77,74.7,LOW,78.3
male,group C,some college,standard,none,59,60,58,86.2,14.4,2.72,65.4,HIGH,59.0
female,group C,some college,standard,completed,88,95,94,97.8,22.5,4.0,90.4,LOW,92.3
female,group D,some high school,free/reduced,none,50,64,59,64.5,6.3,2.74,73.4,HIGH,57.7
female,group D,some college,standard,none,62,70,72,95.3,12.5,3.1,81.0,MEDIUM,68.0
female,group D,bachelor's degree,standard,none,59,70,73,100.0,16.5,3.63,60.2,MEDIUM,67.3
male,group C,some college,standard,none,91,74,76,83.5,15.4,3.42,82.0,MEDIUM,80.3
male,group C,some college,standard,none,63,63,60,96.1,10.8,2.82,55.2,MEDIUM,62.0
male,group C,master's degree,standard,none,71,67,67,78.9,10.3,2.99,72.3,MEDIUM,68.3
female,group B,some high school,free/reduced,completed,59,63,64,69.2,12.5,3.15,72.7,HIGH,62.0
male,group C,some high school,standard,none,64,58,51,85.6,5.0,2.34,64.6,HIGH,57.7
female,group C,master's degree,standard,completed,69,84,85,89.2,9.1,3.56,68.3,LOW,79.3
male,group C,some high school,standard,none,62,64,55,92.5,14.1,3.5,69.5,MEDIUM,60.3
male,group C,associate's degree,standard,none,97,93,91,87.9,20.0,4.0,87.8,LOW,93.7
female,group E,associate's degree,standard,completed,95,89,92,96.7,15.8,3.56,91.1,LOW,92.0
female,group B,bachelor's degree,standard,none,75,84,80,76.4,17.4,3.6,96.7,MEDIUM,79.7
female,group A,some college,free/reduced,none,61,60,57,70.0,13.0,2.3,70.6,HIGH,59.3
female,group D,master's degree,standard,none,53,61,68,90.4,8.7,3.72,62.7,MEDIUM,60.7
female,group E,associate's degree,standard,none,68,76,67,84.3,12.0,2.53,98.8,MEDIUM,70.3
male,group B,master's degree,free/reduced,none,49,53,52,87.2,5.5,2.98,63.6,HIGH,51.3
female,group C,bachelor's degree,free/reduced,none,67,75,72,90.1,9.1,3.1,85.1,MEDIUM,71.3
female,group B,associate's degree,standard,completed,59,70,66,77.3,9.8,3.13,46.7,MEDIUM,65.0
male,group C,some high school,standard,completed,76,80,73,82.6,13.3,4.0,66.0,MEDIUM,76.3
female,group D,bachelor's degree,free/reduced,none,62,72,74,78.8,14.5,3.15,85.6,MEDIUM,69.3
female,group E,associate's degree,standard,none,84,95,92,100.0,19.7,3.58,70.0,LOW,90.3
male,group C,high school,standard,none,62,55,49,79.2,11.0,2.82,67.6,HIGH,55.3
female,group C,some college,standard,none,72,72,71,85.6,12.9,3.86,70.9,MEDIUM,71.7
male,group A,high school,free/reduced,none,53,58,44,83.8,10.6,3.09,81.2,HIGH,51.7
male,group B,high school,standard,completed,60,44,47,71.2,9.1,3.21,78.4,HIGH,50.3
female,group D,high school,standard,completed,57,58,64,94.9,14.2,3.46,72.0,HIGH,59.7
male,group E,high school,free/reduced,completed,57,56,54,80.0,11.9,2.36,65.3,HIGH,55.7
male,group D,some high school,standard,completed,71,69,68,76.9,4.3,3.94,72.3,MEDIUM,69.3
female,group A,high school,standard,none,55,73,73,79.8,12.6,2.65,69.9,MEDIUM,67.0
female,group D,associate's degree,free/reduced,none,46,56,57,80.0,5.7,3.17,67.6,HIGH,53.0
female,group C,some college,standard,none,69,78,76,83.3,12.0,3.46,69.5,MEDIUM,74.3
female,group C,some college,standard,none,55,69,65,88.1,14.6,3.0,91.2,MEDIUM,63.0
male,group D,high school,standard,none,88,78,75,93.0,14.8,3.39,76.3,LOW,80.3
male,group A,bachelor's degree,standard,none,77,67,68,87.5,6.1,3.93,75.2,MEDIUM,70.7
female,group D,high school,standard,completed,88,99,100,93.9,18.5,3.78,91.6,LOW,95.7
female,group C,associate's degree,standard,none,54,61,58,71.6,9.5,2.48,80.9,HIGH,57.7
male,group E,high school,standard,completed,81,80,76,91.8,11.9,3.62,91.8,LOW,79.0
female,group D,associate's degree,free/reduced,none,43,60,58,80.4,7.0,2.91,71.1,HIGH,53.7
male,group B,some college,free/reduced,completed,74,77,76,89.5,13.6,2.92,67.9,LOW,75.7
male,group D,some high school,standard,completed,78,81,86,100.0,14.5,3.9,76.8,LOW,81.7
male,group D,high school,free/reduced,completed,64,64,67,79.0,14.9,3.39,86.6,MEDIUM,65.0
female,group E,high school,free/reduced,none,41,45,40,70.9,9.8,2.22,43.4,HIGH,42.0
female,group D,associate's degree,standard,none,74,81,83,89.4,10.2,3.64,80.2,LOW,79.3
female,group C,associate's degree,free/reduced,none,65,77,74,77.3,13.5,3.27,78.3,MEDIUM,72.0
female,group A,high school,standard,completed,68,80,76,95.1,14.2,3.97,86.6,MEDIUM,74.7
male,group D,master's degree,standard,none,80,80,72,95.3,14.7,3.43,93.1,LOW,77.3
male,group B,associate's degree,standard,none,80,76,64,90.5,10.7,3.43,70.1,MEDIUM,73.3
male,group D,high school,standard,none,69,75,71,86.6,15.7,3.39,57.6,MEDIUM,71.7
male,group A,bachelor's degree,standard,none,91,96,92,100.0,12.2,3.25,100.0,LOW,93.0
male,group A,some college,standard,completed,100,96,86,100.0,14.1,4.0,92.2,LOW,94.0
female,group C,some college,standard,completed,87,89,94,94.8,15.4,3.98,69.3,LOW,90.0
female,group E,associate's degree,standard,none,85,92,85,94.6,15.1,2.83,93.9,LOW,87.3
female,group C,some high school,free/reduced,none,44,50,51,51.0,10.9,3.2,57.5,HIGH,48.3
male,group D,some college,free/reduced,completed,69,60,63,87.6,10.7,3.36,75.5,MEDIUM,64.0
male,group E,associate's degree,standard,completed,71,74,68,87.3,11.8,3.84,69.6,MEDIUM,71.0
female,group C,bachelor's degree,free/reduced,completed,51,72,79,86.2,10.2,3.59,71.5,MEDIUM,67.3
male,group A,some high school,standard,completed,62,67,69,85.1,8.9,3.08,84.7,MEDIUM,66.0
male,group C,associate's degree,free/reduced,none,68,65,61,82.1,12.7,2.93,77.4,MEDIUM,64.7
male,group D,high school,standard,none,41,52,51,74.1,9.3,3.42,61.4,HIGH,48.0
male,group D,high school,free/reduced,none,44,51,48,85.6,9.1,2.84,74.7,HIGH,47.7
male,group C,some high school,free/reduced,none,79,76,65,86.4,12.7,2.7,75.0,MEDIUM,73.3
female,group E,associate's degree,standard,completed,93,100,95,98.3,14.0,3.69,70.8,LOW,96.0
male,group B,some high school,standard,completed,64,53,57,93.8,6.1,2.96,62.7,HIGH,58.0
male,group C,associate's degree,free/reduced,none,73,68,66,73.6,8.0,2.89,70.8,MEDIUM,69.0
male,group B,some high school,standard,none,88,84,75,78.9,11.1,2.92,78.2,MEDIUM,82.3
female,group C,some college,free/reduced,none,62,72,70,86.3,13.7,3.98,87.4,MEDIUM,68.0
male,group D,some college,free/reduced,none,62,57,62,96.2,12.5,2.83,88.5,MEDIUM,60.3
male,group C,high school,free/reduced,none,61,60,55,88.6,15.9,3.31,58.8,HIGH,58.7
male,group D,associate's degree,standard,none,90,87,85,89.4,18.5,3.9,100.0,LOW,87.3
male,group D,high school,free/reduced,none,75,74,66,79.3,8.6,3.57,86.2,MEDIUM,71.7
female,group C,some college,free/reduced,none,77,90,91,91.8,12.3,3.15,97.5,LOW,86.0
female,group C,some college,standard,none,82,90,94,81.3,9.4,3.98,93.5,MEDIUM,88.7
male,group E,high school,standard,none,80,76,65,89.6,10.1,2.77,68.5,MEDIUM,73.7
male,group D,high school,free/reduced,none,63,57,56,69.3,7.4,2.86,68.7,HIGH,58.7
male,group E,some high school,standard,none,82,67,61,94.0,15.3,3.34,67.4,MEDIUM,70.0
female,group E,some college,standard,none,61,64,62,67.6,12.3,3.42,60.8,HIGH,62.3
male,group A,high school,standard,none,57,43,47,78.6,9.7,2.82,60.9,HIGH,49.0
female,group D,high school,standard,none,45,63,59,84.0,13.5,3.35,81.8,HIGH,55.7
male,group E,high school,free/reduced,none,55,56,51,80.1,11.8,2.86,50.9,HIGH,54.0
female,group B,associate's degree,standard,none,58,63,65,93.7,10.5,3.56,69.9,MEDIUM,62.0
male,group B,bachelor's degree,free/reduced,none,73,56,57,78.6,10.4,3.24,79.6,MEDIUM,62.0
female,group E,bachelor's degree,standard,none,65,73,75,91.6,15.2,2.95,82.4,MEDIUM,71.0
female,group C,some high school,standard,completed,59,54,67,68.2,7.9,2.71,77.9,HIGH,60.0
female,group C,some college,standard,completed,88,93,93,100.0,17.6,3.78,95.1,LOW,91.3
female,group D,associate's degree,standard,none,65,69,70,87.7,7.5,3.75,74.1,MEDIUM,68.0
male,group C,associate's degree,standard,none,69,77,69,93.7,13.1,3.58,81.6,MEDIUM,71.7
male,group C,high school,standard,none,70,56,51,67.0,12.3,2.8,59.6,HIGH,59.0
male,group E,associate's degree,standard,none,89,76,74,84.1,14.1,3.13,88.2,MEDIUM,79.7
male,group E,high school,standard,none,84,73,69,80.4,16.1,3.49,80.0,MEDIUM,75.3
male,group D,associate's degree,free/reduced,completed,61,71,73,72.3,10.9,2.85,86.5,MEDIUM,68.3
female,group B,high school,standard,none,74,72,72,79.8,10.4,3.64,80.1,MEDIUM,72.7
male,group B,high school,standard,none,57,48,51,67.3,5.1,2.63,81.9,HIGH,52.0
female,group C,high school,standard,completed,60,64,74,85.0,13.0,3.03,72.3,MEDIUM,66.0
male,group C,high school,free/reduced,none,54,72,59,78.7,12.5,3.6,72.3,MEDIUM,61.7
female,group A,bachelor's degree,standard,none,51,49,51,73.6,10.5,3.05,63.6,HIGH,50.3
female,group D,some high school,standard,completed,80,92,88,90.9,16.3,4.0,91.4,LOW,86.7
female,group A,some college,free/reduced,none,49,65,55,79.8,14.0,2.69,72.9,HIGH,56.3
male,group C,bachelor's degree,standard,completed,91,81,79,93.8,14.8,3.4,90.7,LOW,83.7
male,group B,high school,standard,none,52,48,49,83.0,9.6,2.66,77.3,HIGH,49.7
male,group C,master's degree,standard,none,67,57,59,85.1,6.3,2.81,72.3,MEDIUM,61.0
female,group C,bachelor's degree,free/reduced,completed,47,62,66,93.0,12.3,3.26,63.6,HIGH,58.3
male,group B,some high school,standard,completed,61,56,56,80.8,17.1,2.84,78.9,HIGH,57.7
female,group D,associate's degree,free/reduced,completed,74,88,90,100.0,18.8,3.51,84.4,LOW,84.0
female,group E,some college,standard,none,68,70,66,86.0,10.6,3.94,76.5,MEDIUM,68.0
male,group C,master's degree,free/reduced,completed,79,77,75,79.1,11.6,3.24,94.9,MEDIUM,77.0
female,group D,some college,free/reduced,none,64,74,75,86.6,13.5,3.24,79.4,MEDIUM,71.0
male,group B,some college,standard,completed,91,96,91,94.0,14.5,4.0,90.4,LOW,92.7
female,group E,bachelor's degree,free/reduced,none,61,58,62,93.9,16.7,3.17,92.2,MEDIUM,60.3
female,group C,bachelor's degree,free/reduced,none,43,62,61,79.1,14.2,2.87,63.0,HIGH,55.3
female,group C,high school,free/reduced,none,53,72,64,77.4,16.4,3.33,77.9,MEDIUM,63.0
female,group E,bachelor's degree,standard,none,64,73,70,86.9,16.3,3.13,69.8,MEDIUM,69.0
female,group A,high school,free/reduced,completed,53,50,60,85.7,12.1,2.31,73.4,HIGH,54.3
female,group C,bachelor's degree,standard,none,86,92,87,84.3,19.7,3.18,83.2,MEDIUM,88.3
female,group D,high school,standard,none,69,72,77,74.0,10.2,3.44,76.2,MEDIUM,72.7
female,group C,some high school,standard,none,77,91,88,98.4,11.8,2.86,75.1,LOW,85.3
female,group D,high school,standard,none,78,81,80,87.6,17.5,4.0,77.7,LOW,79.7
female,group C,some college,standard,none,54,48,52,69.7,15.9,2.67,76.4,HIGH,51.3
male,group A,associate's degree,standard,none,54,53,47,78.4,12.3,2.8,65.2,HIGH,51.3
female,group E,associate's degree,free/reduced,none,73,76,78,95.8,11.9,3.29,90.0,LOW,75.7
female,group B,bachelor's degree,standard,none,67,86,83,87.9,13.5,2.68,72.6,MEDIUM,78.7
male,group C,associate's degree,free/reduced,none,49,51,51,93.7,8.3,3.25,77.6,HIGH,50.3
female,group C,master's degree,free/reduced,none,40,58,54,67.8,14.5,1.88,78.7,HIGH,50.7
male,group D,associate's degree,free/reduced,none,52,57,50,62.0,8.8,3.06,77.9,HIGH,53.0
female,group D,some college,standard,completed,82,97,96,99.8,10.9,3.99,100.0,LOW,91.7
male,group D,some high school,standard,none,81,78,78,91.1,9.7,3.98,99.9,LOW,79.0
female,group B,high school,free/reduced,completed,23,44,36,63.0,5.5,2.95,68.7,HIGH,34.3
male,group E,some high school,standard,none,92,87,78,84.8,22.6,4.0,100.0,MEDIUM,85.7
female,group B,some high school,standard,completed,32,51,44,83.5,4.0,2.42,57.8,HIGH,42.3
female,group E,some college,standard,completed,73,78,76,77.6,17.0,3.53,82.3,MEDIUM,75.7
male,group C,associate's degree,standard,none,83,72,78,84.7,12.7,3.19,72.9,MEDIUM,77.7
female,group B,high school,standard,none,50,53,55,76.6,13.5,2.82,76.8,HIGH,52.7
female,group D,master's degree,standard,completed,70,71,74,90.8,16.7,3.62,72.7,MEDIUM,71.7
male,group D,associate's degree,standard,completed,67,54,63,91.1,12.9,2.92,78.0,MEDIUM,61.3
female,group D,associate's degree,free/reduced,completed,42,61,58,92.4,7.1,3.47,69.9,HIGH,53.7
male,group D,some college,free/reduced,none,59,62,61,83.8,6.7,2.31,77.9,MEDIUM,60.7
female,group B,some college,standard,none,70,75,78,89.6,11.0,2.32,92.8,MEDIUM,74.3
male,group B,some college,free/reduced,none,55,55,47,82.5,7.1,1.8,58.8,HIGH,52.3
male,group D,associate's degree,standard,none,61,48,46,77.1,13.6,3.07,76.1,HIGH,51.7
female,group B,bachelor's degree,standard,completed,66,74,81,84.5,11.1,3.42,78.2,MEDIUM,73.7
female,group D,bachelor's degree,free/reduced,none,73,79,84,100.0,15.9,3.94,61.7,LOW,78.7
female,group D,some high school,standard,none,80,90,82,96.4,12.6,3.46,83.4,LOW,84.0
female,group A,some high school,free/reduced,none,38,43,43,68.4,10.4,2.55,73.8,HIGH,41.3
female,group B,associate's degree,standard,completed,52,66,73,78.5,11.0,2.83,77.9,MEDIUM,63.7
male,group C,high school,standard,completed,58,52,54,90.7,8.2,3.48,75.8,HIGH,54.7
female,group C,high school,standard,none,72,80,83,95.7,12.9,4.0,70.4,LOW,78.3
female,group C,associate's degree,standard,completed,68,86,84,75.6,13.5,3.17,84.2,MEDIUM,79.3
female,group C,bachelor's degree,standard,completed,77,94,95,79.8,18.1,3.37,100.0,MEDIUM,88.7
female,group B,some high school,standard,none,82,82,80,84.6,12.8,3.2,71.0,MEDIUM,81.3
female,group D,associate's degree,standard,none,76,74,73,75.7,9.9,3.52,85.5,MEDIUM,74.3
male,group E,some high school,standard,completed,81,75,76,94.1,15.1,3.47,77.1,LOW,77.3
male,group E,associate's degree,free/reduced,completed,46,43,44,88.0,12.0,3.24,52.6,HIGH,44.3
male,group D,some college,standard,none,88,77,77,88.6,15.4,3.82,81.1,LOW,80.7
male,group C,associate's degree,free/reduced,completed,65,73,68,85.8,15.7,3.8,86.7,MEDIUM,68.7
female,group B,bachelor's degree,standard,none,97,97,96,89.3,14.5,3.71,91.7,LOW,96.7
female,group B,some college,standard,none,82,85,87,85.9,10.2,3.22,88.2,LOW,84.7
female,group B,bachelor's degree,standard,completed,65,81,81,84.3,14.6,3.08,70.5,MEDIUM,75.7
male,group C,master's degree,standard,completed,91,85,85,92.8,18.8,3.44,98.8,LOW,87.0
female,group C,associate's degree,standard,completed,55,72,79,80.1,15.0,2.16,84.2,MEDIUM,68.7
female,group D,master's degree,standard,none,92,100,100,97.7,25.0,3.84,91.1,LOW,97.3
female,group B,high school,standard,none,81,91,89,96.6,18.5,4.0,81.5,LOW,87.0
female,group E,associate's degree,free/reduced,completed,57,68,73,91.5,9.6,2.81,73.0,MEDIUM,66.0
female,group C,some college,standard,none,73,80,82,83.4,15.0,2.97,86.2,MEDIUM,78.3
female,group D,high school,standard,none,56,52,55,83.1,8.4,3.65,53.2,HIGH,54.3
female,group D,associate's degree,standard,completed,57,78,79,92.4,14.2,3.53,88.6,MEDIUM,71.3
male,group D,associate's degree,free/reduced,none,66,62,64,87.7,10.6,3.32,78.3,MEDIUM,64.0
male,group C,high school,standard,completed,53,52,49,71.9,8.6,3.15,62.4,HIGH,51.3
male,group E,associate's degree,standard,completed,81,81,79,78.3,18.8,4.0,88.7,MEDIUM,80.3
male,group C,high school,standard,completed,75,69,68,91.4,12.5,2.98,82.2,MEDIUM,70.7
male,group A,high school,standard,completed,72,73,74,78.4,15.2,3.72,70.7,MEDIUM,73.0
female,group B,some high school,standard,none,73,79,79,100.0,14.6,3.16,83.8,LOW,77.0
female,group E,some college,standard,completed,86,85,91,97.1,16.7,3.74,95.0,LOW,87.3
female,group C,bachelor's degree,standard,none,65,79,81,90.0,12.5,3.28,87.2,LOW,75.0
male,group D,high school,standard,none,64,54,50,99.2,7.8,2.57,66.2,HIGH,56.0
female,group B,high school,standard,none,58,68,61,96.6,13.2,3.19,70.2,MEDIUM,62.3
male,group D,some high school,standard,none,55,47,44,63.4,8.4,2.36,68.2,HIGH,48.7
male,group C,associate's degree,free/reduced,completed,78,81,82,76.4,13.8,3.48,97.0,MEDIUM,80.3
female,group D,some college,free/reduced,completed,63,80,80,83.4,15.8,3.46,92.8,MEDIUM,74.3
male,group D,high school,free/reduced,completed,73,68,66,77.8,11.2,3.27,78.1,MEDIUM,69.0
female,group C,high school,standard,none,81,84,82,83.8,14.6,3.58,88.5,MEDIUM,82.3
female,group E,high school,standard,none,74,81,71,93.0,14.7,4.0,68.7,LOW,75.3
female,group C,associate's degree,standard,none,49,53,53,75.2,11.5,2.38,73.8,HIGH,51.7
male,group C,bachelor's degree,free/reduced,none,53,58,55,95.1,9.9,2.91,87.4,HIGH,55.3
male,group D,some college,free/reduced,none,77,62,64,85.7,9.7,3.35,100.0,MEDIUM,67.7
female,group D,some college,free/reduced,none,69,65,74,89.0,11.0,3.08,79.6,MEDIUM,69.3
male,group E,bachelor's degree,standard,none,82,62,62,88.2,10.2,3.81,70.0,MEDIUM,68.7
male,group E,some college,standard,none,76,67,67,73.9,18.5,2.65,77.8,MEDIUM,70.0
female,group B,high school,standard,none,42,52,51,68.3,9.9,2.7,66.7,HIGH,48.3
female,group C,associate's degree,standard,none,85,89,95,100.0,12.5,3.34,100.0,LOW,89.7
female,group C,high school,standard,completed,58,75,77,84.2,19.0,3.24,68.7,MEDIUM,70.0
female,group C,high school,standard,none,59,72,68,78.1,14.9,2.92,75.0,MEDIUM,66.3
female,group C,high school,free/reduced,none,34,42,39,71.5,8.6,2.43,55.8,HIGH,38.3
male,group C,some college,standard,none,76,78,75,84.8,15.5,2.65,87.5,MEDIUM,76.3
female,group D,some high school,standard,none,68,71,75,80.0,13.1,3.08,85.9,MEDIUM,71.3
female,group B,some high school,free/reduced,none,72,81,79,85.0,13.4,3.09,72.6,LOW,77.3
female,group C,some high school,free/reduced,none,48,56,51,77.6,15.6,3.19,70.1,HIGH,51.7
male,group C,bachelor's degree,standard,completed,94,90,91,94.3,18.4,3.71,88.6,LOW,91.7
male,group D,associate's degree,standard,none,81,71,73,99.6,16.1,4.0,77.5,LOW,75.0
female,group A,some high school,standard,completed,92,100,97,98.3,13.5,3.36,99.9,LOW,96.3
male,group E,some college,standard,completed,81,74,71,84.9,16.6,3.38,87.3,MEDIUM,75.3
female,group C,some high school,free/reduced,completed,29,40,44,77.1,8.6,2.73,73.0,HIGH,37.7
female,group D,some college,free/reduced,none,58,67,62,81.9,14.1,2.44,73.0,MEDIUM,62.3
female,group C,some college,standard,none,73,76,78,83.0,7.9,3.35,72.7,MEDIUM,75.7
male,group E,some high school,standard,completed,68,51,57,83.3,13.2,3.5,83.0,HIGH,58.7
female,group C,high school,free/reduced,completed,50,66,64,79.2,6.9,2.98,74.9,MEDIUM,60.0
male,group B,associate's degree,standard,completed,65,65,63,74.0,7.4,2.59,82.2,MEDIUM,64.3
male,group C,some college,free/reduced,none,63,61,54,69.6,8.4,2.85,73.1,HIGH,59.3
female,group C,high school,standard,none,66,71,76,93.3,7.9,3.27,75.7,MEDIUM,71.0
female,group E,master's degree,free/reduced,none,56,72,65,82.4,12.8,3.3,79.9,MEDIUM,64.3
male,group E,associate's degree,standard,completed,94,85,82,95.4,13.0,3.87,87.0,LOW,87.0
female,group C,associate's degree,standard,none,66,77,73,83.5,12.2,3.24,76.5,MEDIUM,72.0
female,group C,associate's degree,standard,completed,67,84,86,90.5,14.2,4.0,85.3,LOW,79.0
male,group D,bachelor's degree,free/reduced,completed,74,79,75,79.2,12.7,3.26,82.2,MEDIUM,76.0
female,group C,bachelor's degree,standard,none,67,69,75,87.6,12.9,3.75,83.2,MEDIUM,70.3
male,group C,bachelor's degree,standard,completed,63,64,66,100.0,14.5,2.21,78.4,MEDIUM,64.3
male,group D,some college,standard,none,76,64,66,78.2,10.6,2.94,73.6,MEDIUM,68.7
male,group A,associate's degree,free/reduced,completed,79,82,82,95.4,17.9,2.76,68.6,MEDIUM,81.0
female,group B,some high school,free/reduced,completed,52,67,72,87.3,9.7,3.02,67.2,MEDIUM,63.7
female,group A,some high school,standard,none,71,83,77,100.0,11.7,3.26,87.4,LOW,77.0
male,group B,bachelor's degree,free/reduced,none,88,75,76,90.1,10.6,3.25,77.5,LOW,79.7
male,group D,some college,standard,none,68,59,62,91.5,16.0,3.23,61.7,MEDIUM,63.0
female,group D,high school,standard,completed,69,77,78,74.9,18.0,2.96,80.4,MEDIUM,74.7
female,group D,some college,standard,none,77,68,77,89.8,11.1,2.98,72.7,MEDIUM,74.0
male,group E,bachelor's degree,standard,none,68,68,64,87.2,13.3,3.15,99.7,MEDIUM,66.7
female,group B,some high school,standard,none,66,69,68,76.7,15.2,3.51,75.4,MEDIUM,67.7
female,group C,associate's degree,standard,none,59,66,67,88.9,13.4,2.6,79.9,MEDIUM,64.0
male,group A,associate's degree,free/reduced,none,62,61,55,71.9,14.3,3.14,71.7,HIGH,59.3
female,group C,high school,standard,none,63,69,74,65.6,10.5,4.0,77.0,HIGH,68.7
female,group E,high school,free/reduced,none,64,62,68,82.2,14.7,2.55,77.7,MEDIUM,64.7
male,group D,master's degree,standard,none,82,82,74,88.6,13.7,3.77,84.4,LOW,79.3
male,group B,some college,free/reduced,completed,60,62,60,77.6,14.5,3.52,78.4,MEDIUM,60.7
male,group D,some college,standard,none,71,49,52,66.7,14.3,3.0,76.6,HIGH,57.3
male,group B,associate's degree,free/reduced,completed,58,57,53,87.5,10.3,3.79,61.1,HIGH,56.0
female,group E,associate's degree,standard,none,100,100,100,96.6,18.6,3.79,95.5,LOW,100.0
female,group D,some high school,standard,none,59,58,59,87.0,9.7,3.07,57.1,HIGH,58.7
female,group C,master's degree,standard,completed,54,64,67,93.2,16.1,3.74,65.4,MEDIUM,61.7
female,group A,master's degree,standard,none,50,53,58,65.0,15.3,3.17,63.7,HIGH,53.7
female,group E,high school,free/reduced,completed,66,74,78,100.0,10.8,3.17,67.6,MEDIUM,72.7
male,group C,associate's degree,free/reduced,none,55,61,54,85.7,15.6,2.64,77.3,HIGH,56.7
female,group C,some college,standard,none,83,83,90,90.5,13.1,3.44,91.9,LOW,85.3
male,group A,bachelor's degree,standard,none,66,64,62,75.9,17.1,3.2,67.9,MEDIUM,64.0
male,group D,some high school,standard,completed,62,66,68,82.3,11.1,3.03,84.9,MEDIUM,65.3
female,group B,high school,standard,none,62,62,63,81.0,6.5,2.81,82.5,MEDIUM,62.3
female,group E,associate's degree,free/reduced,completed,83,86,88,83.8,12.8,3.47,70.6,MEDIUM,85.7
female,group D,some college,free/reduced,none,60,66,70,84.5,12.1,2.91,71.8,MEDIUM,65.3
male,group C,some college,standard,none,53,44,42,70.8,10.4,2.4,62.6,HIGH,46.3
female,group D,some high school,standard,none,59,72,80,84.5,7.5,3.38,63.4,MEDIUM,70.3
male,group C,associate's degree,standard,none,49,51,43,74.1,8.2,2.71,64.7,HIGH,47.7
female,group C,bachelor's degree,free/reduced,none,50,60,59,74.8,11.0,3.06,85.3,HIGH,56.3
male,group E,associate's degree,free/reduced,completed,91,73,80,88.0,12.9,3.58,83.7,LOW,81.3
male,group B,some college,standard,none,47,43,41,76.7,5.7,3.38,57.8,HIGH,43.7
male,group B,associate's degree,free/reduced,none,67,62,60,76.5,11.2,3.28,63.9,MEDIUM,63.0
female,group B,some high school,standard,none,57,67,72,91.3,13.3,3.57,90.5,MEDIUM,65.3
female,group D,some college,free/reduced,none,71,83,83,95.0,16.4,4.0,86.4,LOW,79.0
female,group E,associate's degree,standard,completed,65,75,77,85.5,11.2,3.71,84.8,MEDIUM,72.3
male,group B,some college,free/reduced,none,54,54,45,78.1,6.0,3.07,87.0,HIGH,51.0
male,group C,bachelor's degree,free/reduced,none,37,56,47,70.0,3.7,3.26,86.2,HIGH,46.7
male,group C,high school,free/reduced,none,62,55,55,94.4,10.5,3.04,50.8,HIGH,57.3
male,group B,some high school,standard,completed,94,86,87,79.3,12.7,4.0,71.0,MEDIUM,89.0
male,group D,bachelor's degree,free/reduced,completed,39,42,38,86.3,10.3,2.05,61.7,HIGH,39.7
female,group E,some college,free/reduced,none,71,76,70,86.4,16.6,3.28,86.2,MEDIUM,72.3
female,group D,some college,free/reduced,none,65,81,77,90.5,11.9,3.28,85.1,MEDIUM,74.3
female,group E,some college,free/reduced,completed,75,88,85,95.2,21.3,3.67,90.0,LOW,82.7
female,group C,some college,free/reduced,none,32,39,33,68.8,8.3,2.58,58.7,HIGH,34.7
male,group C,some college,standard,none,53,39,37,68.8,14.0,2.38,40.5,HIGH,43.0
male,group A,some college,standard,none,53,43,43,71.4,10.6,2.73,71.2,HIGH,46.3
male,group A,bachelor's degree,standard,completed,87,84,87,84.5,16.8,4.0,78.1,MEDIUM,86.0
male,group E,bachelor's degree,standard,completed,76,62,66,88.4,11.8,3.11,87.2,MEDIUM,68.0
female,group D,bachelor's degree,free/reduced,none,78,90,93,100.0,15.3,4.0,90.5,LOW,87.0
male,group D,bachelor's degree,standard,none,75,73,74,81.4,18.2,3.05,75.7,MEDIUM,74.0
female,group C,some college,standard,none,58,67,72,86.2,8.7,3.8,79.7,MEDIUM,65.7
male,group B,associate's degree,standard,none,48,43,45,72.6,8.0,2.47,65.4,HIGH,45.3
male,group D,master's degree,standard,none,73,70,75,80.8,10.6,3.73,81.4,MEDIUM,72.7
female,group C,some college,standard,completed,69,90,88,87.7,17.1,3.5,76.7,LOW,82.3
female,group E,high school,free/reduced,none,57,58,57,85.7,12.0,2.84,58.2,HIGH,57.3
male,group B,some high school,standard,completed,79,85,86,81.4,12.6,3.88,100.0,MEDIUM,83.3
female,group C,some college,standard,none,63,74,74,100.0,10.3,3.29,71.1,MEDIUM,70.3
female,group B,associate's degree,standard,none,47,49,50,75.3,8.3,2.72,78.8,HIGH,48.7
male,group D,some high school,standard,completed,74,71,78,78.5,13.3,3.55,74.1,MEDIUM,74.3
male,group E,some college,standard,none,97,87,82,97.6,13.9,4.0,89.4,LOW,88.7
female,group B,some high school,free/reduced,none,49,58,55,66.3,6.1,2.74,74.4,HIGH,54.0
male,group C,master's degree,standard,none,79,78,77,87.7,14.0,2.91,87.9,LOW,78.0
male,group C,some high school,free/reduced,none,69,71,65,89.4,8.9,3.18,91.4,MEDIUM,68.3
female,group C,associate's degree,free/reduced,none,53,61,62,76.3,12.5,3.24,43.0,HIGH,58.7
male,group C,high school,standard,completed,69,58,53,82.8,10.9,2.79,67.7,MEDIUM,60.0
male,group C,high school,free/reduced,none,27,34,36,79.1,6.7,2.43,65.4,HIGH,32.3
female,group D,some high school,free/reduced,completed,35,55,60,73.0,10.0,2.49,85.5,HIGH,50.0
female,group B,some high school,free/reduced,completed,63,78,79,86.8,17.8,4.0,87.4,MEDIUM,73.3
male,group B,bachelor's degree,free/reduced,none,48,51,46,86.5,11.5,2.35,76.2,HIGH,48.3
female,group C,high school,standard,none,72,80,75,88.3,8.9,3.83,97.9,LOW,75.7
female,group B,high school,standard,none,66,72,70,78.4,10.6,3.13,59.8,MEDIUM,69.3
female,group E,bachelor's degree,standard,none,80,83,83,87.8,13.7,3.78,100.0,LOW,82.0
male,group A,some college,standard,completed,78,72,70,70.4,10.9,2.96,66.4,MEDIUM,73.3
male,group C,high school,standard,none,71,66,65,83.7,8.2,3.35,81.2,MEDIUM,67.3
female,group D,master's degree,standard,none,54,60,63,86.7,10.3,2.22,64.2,HIGH,59.0
female,group C,associate's degree,free/reduced,none,57,78,67,98.6,16.8,2.81,77.8,MEDIUM,67.3
female,group D,some college,standard,none,65,70,71,84.1,11.4,3.23,85.0,MEDIUM,68.7
male,group C,high school,free/reduced,completed,53,51,51,84.7,13.9,2.47,64.5,HIGH,51.7
female,group D,high school,free/reduced,none,39,52,46,75.6,8.5,2.76,59.0,HIGH,45.7
female,group D,associate's degree,free/reduced,none,55,76,76,82.2,15.9,3.25,58.2,MEDIUM,69.0
female,group D,associate's degree,standard,none,59,70,65,61.1,11.1,2.97,78.2,HIGH,64.7
female,group B,high school,free/reduced,none,60,72,68,84.0,11.4,3.32,72.7,MEDIUM,66.7
female,group B,associate's degree,standard,none,49,52,54,72.0,10.4,2.57,58.3,HIGH,51.7
female,group B,high school,free/reduced,none,8,24,23,72.7,1.8,2.06,63.7,HIGH,18.3
female,group D,master's degree,free/reduced,none,40,59,54,72.6,9.1,2.34,63.0,HIGH,51.0
female,group C,bachelor's degree,free/reduced,completed,74,86,89,81.7,15.1,3.21,80.4,MEDIUM,83.0
male,group E,some college,standard,none,59,51,43,84.8,6.6,2.15,78.6,HIGH,51.0
female,group E,bachelor's degree,free/reduced,completed,92,100,100,77.8,16.8,3.54,95.8,MEDIUM,97.3
male,group C,some college,free/reduced,none,80,64,66,98.9,16.7,2.89,90.4,MEDIUM,70.0
male,group C,bachelor's degree,standard,completed,96,90,92,99.4,8.6,3.45,69.1,LOW,92.7
male,group E,some college,standard,completed,85,75,68,84.7,12.0,3.59,100.0,MEDIUM,76.0
female,group C,bachelor's degree,standard,none,77,88,87,77.3,11.7,3.84,100.0,MEDIUM,84.0
female,group B,high school,free/reduced,completed,76,85,82,91.4,9.6,3.04,74.1,LOW,81.0
male,group C,high school,free/reduced,none,66,66,59,80.8,12.1,3.62,72.8,MEDIUM,63.7
female,group D,bachelor's degree,standard,completed,71,76,83,84.8,15.4,3.71,69.3,MEDIUM,76.7
male,group B,high school,standard,none,60,68,60,72.9,11.3,2.95,70.5,MEDIUM,62.7
male,group D,some college,standard,none,76,71,73,87.8,9.6,3.53,92.5,MEDIUM,73.3
male,group D,some college,standard,completed,58,59,58,83.1,12.4,3.06,60.1,HIGH,58.3
female,group B,associate's degree,standard,completed,90,90,91,100.0,13.2,3.88,82.5,LOW,90.3
female,group D,some college,standard,completed,74,75,79,88.9,13.3,2.99,84.1,LOW,76.0
male,group B,some college,free/reduced,none,75,68,65,77.6,16.6,2.95,64.2,MEDIUM,69.3
male,group C,some college,standard,none,69,64,68,77.4,13.6,2.71,78.6,MEDIUM,67.0
female,group B,some high school,standard,completed,60,70,70,100.0,6.0,2.59,83.1,MEDIUM,66.7
female,group B,some college,free/reduced,completed,65,75,70,82.7,10.8,3.36,73.9,MEDIUM,70.0
female,group C,associate's degree,free/reduced,completed,68,67,69,90.3,13.9,3.4,67.3,MEDIUM,68.0
male,group B,high school,standard,completed,72,65,68,74.3,14.3,3.4,65.9,MEDIUM,68.3
male,group B,associate's degree,free/reduced,completed,82,78,74,79.5,6.2,3.01,76.8,MEDIUM,78.0
female,group C,some high school,standard,completed,85,92,93,93.1,22.5,4.0,100.0,LOW,90.0
male,group E,associate's degree,standard,none,72,57,62,91.2,15.7,3.79,68.9,MEDIUM,63.7
male,group D,some college,standard,completed,76,83,79,94.6,9.9,3.67,90.8,LOW,79.3
female,group E,some college,standard,none,67,76,75,86.6,13.8,3.01,74.3,MEDIUM,72.7
male,group A,some college,free/reduced,none,75,81,74,84.4,8.7,2.71,87.3,MEDIUM,76.7
male,group B,some high school,standard,completed,63,67,67,93.2,18.3,2.77,67.8,MEDIUM,65.7
female,group C,associate's degree,standard,none,64,64,70,94.9,19.6,2.87,74.2,MEDIUM,66.0
male,group D,associate's degree,standard,completed,67,72,67,80.0,15.9,3.01,90.1,MEDIUM,68.7
male,group A,some college,free/reduced,none,58,60,57,94.9,12.4,2.88,66.6,HIGH,58.3
female,group B,associate's degree,free/reduced,none,53,71,67,86.7,14.8,3.31,92.6,MEDIUM,63.7
male,group C,some high school,standard,none,73,66,63,79.2,11.7,2.83,69.8,MEDIUM,67.3
male,group D,master's degree,standard,none,89,84,82,77.3,15.7,3.8,85.9,MEDIUM,85.0
female,group C,high school,standard,none,65,69,67,79.1,10.2,2.8,80.0,MEDIUM,67.0
female,group C,some college,standard,completed,70,72,76,79.0,12.3,3.5,81.5,MEDIUM,72.7
female,group D,bachelor's degree,standard,none,65,67,62,80.8,12.7,3.44,81.4,MEDIUM,64.7
male,group D,some high school,standard,none,74,74,72,97.3,8.9,3.4,94.8,MEDIUM,73.3
female,group D,associate's degree,standard,none,71,71,74,87.8,13.5,3.24,91.8,MEDIUM,72.0
female,group E,bachelor's degree,standard,none,100,100,100,90.6,20.9,4.0,95.2,LOW,100.0
male,group C,high school,standard,none,71,60,61,82.3,16.2,2.98,84.3,MEDIUM,64.0
male,group E,high school,standard,completed,87,91,81,87.7,14.1,3.47,94.8,LOW,86.3
female,group D,associate's degree,free/reduced,none,26,31,38,76.0,11.8,1.99,53.3,HIGH,31.7
male,group B,associate's degree,standard,completed,91,89,92,84.5,19.2,4.0,83.7,MEDIUM,90.7
female,group A,associate's degree,standard,none,82,93,93,100.0,14.9,3.97,96.1,LOW,89.3
male,group D,high school,standard,none,66,69,63,94.8,13.5,3.17,88.3,MEDIUM,66.0
female,group E,bachelor's degree,standard,completed,79,81,82,84.1,15.2,3.67,95.0,MEDIUM,80.7
male,group D,some college,standard,completed,63,55,63,93.4,12.5,3.5,90.2,MEDIUM,60.3
female,group D,master's degree,standard,none,87,100,100,100.0,18.2,3.53,79.7,LOW,95.7
male,group C,bachelor's degree,standard,none,69,63,61,94.0,14.9,3.25,73.2,MEDIUM,64.3
female,group C,associate's degree,standard,none,53,62,53,81.2,10.0,2.69,66.3,HIGH,56.0
male,group C,some college,free/reduced,completed,50,48,53,78.2,10.4,2.61,76.6,HIGH,50.3
female,group D,associate's degree,standard,none,85,91,89,88.2,21.5,3.36,100.0,LOW,88.3
